date,volatility_7d,volatility_30d,global_interest
2020-10-18,0.0208954424229394,0.0208954424229394,4.16
2020-10-25,0.0264862125487553,0.0231076067917521,4.26
2020-11-01,0.0287749228229234,0.0246654329329364,4.44
2020-11-08,0.0347713440840967,0.0269387253822951,4.8
2020-11-15,0.0122840573737116,0.0248733357079124,6.32
2020-11-22,0.0243387475080858,0.0251783438725093,7.42
2020-11-29,0.0666213366178315,0.0368005499292187,6.16
2020-12-06,0.0342263030572954,0.0378629249004677,5.12
2020-12-13,0.0321380275709538,0.0392141655887587,7.38
2020-12-20,0.0305997024732063,0.0419954635371532,7.66
2020-12-27,0.0448507598393902,0.0349622534062567,11.32
2021-01-03,0.0459872183942615,0.0385245933718339,18.42
2021-01-10,0.0268933244202552,0.0372307870615909,17.4
2021-01-17,0.0572261054391981,0.0443668727420796,12.06
2021-01-24,0.0499871997133612,0.0447470125121537,10.96
2021-01-31,0.0239399865334076,0.041401614053697,10.84
2021-02-07,0.0952413439516458,0.0643310383503186,17.78
2021-02-14,0.1406620051757125,0.0942009074546385,18.4
2021-02-21,0.2947086960808091,0.1641713048034164,19.12
2021-02-28,0.0789432427626747,0.1744665049574856,12.46
2021-03-07,0.0930923767528636,0.1760315377255074,12.44
2021-03-14,0.1019654127949521,0.1672041989355611,12.34
2021-03-21,0.0279162785168794,0.0930487178117464,10.78
2021-03-28,0.0509913101554846,0.0703602250162648,11.08
2021-04-04,0.0696970475733244,0.0646150275813489,11.36
2021-04-11,0.0653219944755611,0.058187854597411,13.98
2021-04-18,0.0767711318286485,0.0667581168189234,16.82
2021-04-25,0.085244721260015,0.0733826308855186,13.8
2021-05-02,0.0341761203857942,0.0694778641523939,14.26
2021-05-09,0.0618014294396652,0.0657748698741158,18.0
2021-05-16,0.0674308288024667,0.0635925478189953,25.52
2021-05-23,0.1507126404446457,0.0941677480753497,18.82
2021-05-30,0.1415741431937844,0.1135497065682969,12.82
2021-06-06,0.0648090032215717,0.1156196025522539,13.06
2021-06-13,0.0586636230757535,0.1145231786445834,10.72
2021-06-20,0.0341800143838983,0.085475708129734,13.06
2021-06-27,0.1059495386732824,0.0694031494655321,9.76
2021-07-04,0.0312565849665963,0.0597803853600692,8.54
2021-07-11,0.0355805104644058,0.0575148875035068,8.04
2021-07-18,0.0196909782365131,0.0546600971072599,8.7
2021-07-25,0.0576142198277222,0.0364332790212411,9.84
2021-08-01,0.013669586035819,0.0346223982635342,8.96
2021-08-08,0.0297021420556023,0.0325770755043817,9.9
2021-08-15,0.0306581799670555,0.0349872054072522,9.14
2021-08-22,0.0418294982771345,0.0292901644612514,9.24
2021-08-29,0.0622086307137909,0.040430862112582,9.4
2021-09-05,0.0301330237005989,0.0415280683099995,10.94
2021-09-12,0.0634697902958404,0.0491966428198121,8.28
2021-09-19,0.0344032129595055,0.0475823984705286,9.38
2021-09-26,0.0686310375835749,0.0491969206664087,8.04
2021-10-03,0.049542933986799,0.055809887528132,9.34
2021-10-10,0.0292370532095415,0.0483578566017311,10.2
2021-10-17,0.03293626613326,0.0487302655675821,12.2
2021-10-24,0.0316635858436125,0.0377639941969942,10.5
2021-10-31,0.0542519812700299,0.0367632578250233,9.72
2021-11-07,0.0333930911199902,0.0386527752747514,11.14
2021-11-14,0.0253817388334844,0.0368850955343888,11.32
2021-11-21,0.0602984907994973,0.0450065183562218,10.52
2021-11-28,0.0381478499312649,0.0410518535267448,10.96
2021-12-05,0.0238665778199988,0.0384994984921441,11.38
2021-12-12,0.0423674954564209,0.0410420838855961,10.18
2021-12-19,0.0442538952897293,0.0367438753204162,9.2
2021-12-26,0.0145447467353911,0.0322671017495308,9.68
2022-01-02,0.0315083296390764,0.0335804081597277,12.68
2022-01-09,0.0299435267098847,0.0317392835080172,12.2
2022-01-16,0.0427947104551774,0.0330090037983513,12.58
2022-01-23,0.0613754761454474,0.0446853715562799,15.96
2022-01-30,0.0298512681418445,0.0450737861833748,12.28
2022-02-06,0.0380192133417685,0.0463779809072365,11.44
2022-02-13,0.0336457731268596,0.0428091849400123,10.06
2022-02-20,0.0427960422757277,0.0387605672623309,12.72
2022-02-27,0.0396575140092518,0.0368575435429324,11.22
2022-03-06,0.0529778767326815,0.0401939904069618,9.7
2022-03-13,0.0284685063195782,0.0385829597146606,8.68
2022-03-20,0.0208386924075962,0.0360907513417562,8.88
2022-03-27,0.0127573282366034,0.0313419227642812,9.42
2022-04-03,0.0264590649857852,0.0231837288594977,8.84
2022-04-10,0.0312801379771725,0.0243855038217128,8.46
2022-04-17,0.0351095039031749,0.0271747271057041,7.96
2022-04-24,0.0183093334736647,0.0275429735976338,7.82
2022-05-01,0.0360596869281054,0.0292825531693785,8.44
2022-05-08,0.0344779532737595,0.0295983936163094,15.84
2022-05-15,0.1008657520170196,0.0522284516582112,11.42
2022-05-22,0.0461570689745185,0.055826380853769,10.3
2022-05-29,0.0316072146116638,0.0560319208750725,9.06
2022-06-05,0.0372790712884848,0.0559526288912709,8.24
2022-06-12,0.0232639797406335,0.0355497317938085,17.66
2022-06-19,0.0848098299974678,0.0477335405005238,13.7
2022-06-26,0.0351284253520292,0.0487219631651098,10.1
2022-07-03,0.0168271528962944,0.0460131637384405,9.38
2022-07-10,0.0294437593323738,0.0484744220533859,8.36
2022-07-17,0.0338031822055121,0.0367322838373805,9.12
2022-07-24,0.0343569312288673,0.0284253112838754,7.84
2022-07-31,0.0518647709464003,0.0349355946222772,7.44
2022-08-07,0.0210594590881545,0.0349515782772107,7.08
2022-08-14,0.0123138489481685,0.0321864129400416,6.82
2022-08-21,0.0403739178413977,0.0336775990147495,6.54
2022-08-28,0.0281326128841492,0.027908061996184,6.72
2022-09-04,0.0166686618497804,0.0254065189630847,6.64
2022-09-11,0.0368856188688969,0.0302055311013467,8.5
2022-09-18,0.0295117017081157,0.0306139823933112,7.16
2022-09-25,0.020450373108781,0.0260797104421579,6.1
2022-10-02,0.0146922408935791,0.0258976429564757,5.6
2022-10-09,0.020478275941699,0.0215491427224181,5.7
2022-10-16,0.011655018917018,0.0185835265235015,5.22
2022-10-23,0.0109083161790935,0.0140620513175375,5.28
2022-10-30,0.0207744123459051,0.0175306347873704,5.42
2022-11-06,0.0373137424296743,0.0230365303079634,10.02
2022-11-13,0.0946074034566493,0.0502572141330346,8.24
2022-11-20,0.0171832087344653,0.0508066949056107,6.62
2022-11-27,0.050988629207172,0.0556828891127828,5.76
2022-12-04,0.0226838099559204,0.0535145290058257,5.12
2022-12-11,0.0157340684975739,0.0307549110682179,5.68
2022-12-18,0.0505643975718667,0.038199290270034,4.86
2022-12-25,0.0268578639058038,0.0304361136140344,5.0
2023-01-01,0.0081405279218212,0.0280610862983477,5.16
2023-01-08,0.0245426241945613,0.03104282572551,5.9
2023-01-15,0.0177905175214928,0.0226629082902891,6.64
2023-01-22,0.0270131100270626,0.0205441079454849,6.22
2023-01-29,0.0183745556577233,0.0215130745026323,5.98
2023-02-05,0.0209890496358754,0.0215141981555296,5.48
2023-02-12,0.0305577158461329,0.0241264655445268,5.86
2023-02-19,0.0432540904846442,0.027993894615736,5.7
2023-02-26,0.0152024092428837,0.0279466052317779,5.52
2023-03-05,0.0117515848138503,0.0259299061370145,5.86
2023-03-12,0.0223164211575589,0.0244287822883786,7.26
2023-03-19,0.036474387411921,0.0245457328041139,7.32
2023-03-26,0.0231695056671198,0.0258862698883707,6.36
2023-04-02,0.0218822053300536,0.0267127176702899,6.16
2023-04-09,0.00966122336807,0.0260800088059179,6.94
2023-04-16,0.0163966887027249,0.0195194625237807,6.26
2023-04-23,0.0296593318907026,0.0211572892982405,5.92
2023-04-30,0.0246950838664103,0.0212571667374603,5.72
2023-05-07,0.0146208580758507,0.0221733365043461,6.0
2023-05-14,0.0133554204430771,0.0221485473846247,5.56
2023-05-21,0.0094179862026853,0.016707827432804,5.58
2023-05-28,0.0147238157258536,0.0156691373349129,5.62
2023-06-04,0.0072383173578398,0.0111846082388617,6.22
2023-06-11,0.0474769605142095,0.0278882878004214,5.88
2023-06-18,0.0276922652480432,0.0308049254113829,6.36
2023-06-25,0.0221166954154563,0.0317138108015094,6.32
2023-07-02,0.0219659458970484,0.0330934115219137,5.96
2023-07-09,0.0140585873910485,0.0257150220052577,6.4
2023-07-16,0.0356515275269329,0.0234351665392495,5.96
2023-07-23,0.0097212715716957,0.0220658026923472,5.74
2023-07-30,0.0075390680399465,0.019706495092216,5.62
2023-08-06,0.0162433302997132,0.0189193700926989,5.8
2023-08-13,0.0079784785194894,0.0119292029231567,6.08
2023-08-20,0.0210337654914226,0.0145563111968377,5.98
2023-08-27,0.0169743192136346,0.0160822024968308,5.54
2023-09-03,0.0214815462138779,0.0172682893488389,5.42
2023-09-10,0.0068805537130876,0.0171144350746658,5.42
2023-09-17,0.0163461295737977,0.0150020185147043,5.32
2023-09-24,0.0082042181908159,0.0137480320754699,5.02
2023-10-01,0.0074962046142055,0.0105223035108056,5.3
2023-10-08,0.0094311123853219,0.0112254425744917,5.24
2023-10-15,0.0147975576432247,0.0106497194389471,5.84
2023-10-22,0.013005096602272,0.011651833039641,7.62
2023-10-29,0.0207947057794503,0.0146173938123789,6.66
2023-11-05,0.0150856833564756,0.0154992314350592,7.3
2023-11-12,0.0236311933948146,0.0172899116796311,7.04
2023-11-19,0.0285856450901735,0.0210346056166633,6.56
2023-11-26,0.0482141381567833,0.0292345152367776,6.08
2023-12-03,0.0101353917332709,0.0293690918966129,9.22
2023-12-10,0.014571409851568,0.0273787958623864,7.68
2023-12-17,0.0242575229991907,0.0264046180693267,8.08
2023-12-24,0.0259469537269952,0.0194331823560815,8.34
2023-12-31,0.0542310013442821,0.0317668440256416,8.88
2024-01-07,0.0191476867870941,0.0329368573942591,12.52
2024-01-14,0.0202723767970496,0.0328764684737748,8.32
2024-01-21,0.0256778378499619,0.0327093873361414,7.66
2024-01-28,0.0247439567015574,0.0216499155742934,6.84
2024-02-04,0.014767814661093,0.0214944128532,7.18
2024-02-11,0.0168710210125058,0.0204283712789251,9.58
2024-02-18,0.0286008089466632,0.021193943124879,8.1
2024-02-25,0.0254809707431054,0.0211194909675685,12.66
2024-03-03,0.0303830678873792,0.0239167484544743,14.66
2024-03-10,0.0584074518247019,0.0367194312712698,14.68
2024-03-17,0.0833405723215977,0.0515515758285945,12.58
2024-03-24,0.0557397295708462,0.0561418088667976,10.58
2024-03-31,0.0257408007811992,0.0556832350411379,10.38
2024-04-07,0.0336264625777137,0.0519542860351831,10.06
2024-04-14,0.0373484791136682,0.039998749199203,11.94
2024-04-21,0.024286110181211,0.0290103451704501,8.74
2024-04-28,0.0211801140629816,0.0277707692681773,8.76
2024-05-05,0.025620441819546,0.0256183803508147,7.12
2024-05-12,0.0149812697443241,0.0244400776388653,7.12
2024-05-19,0.0238709021734062,0.0209776044940003,8.7
2024-05-26,0.0237532302047349,0.0208477425408602,7.56
2024-06-02,0.0075577272739044,0.0176358524245298,7.62
2024-06-09,0.0426884919787184,0.0261587643665374,7.16
2024-06-16,0.0344341362666115,0.0295085158700029,6.7
2024-06-23,0.016400010155589,0.028550297442518,6.88
2024-06-30,0.0184762727262554,0.0296694753407495,7.3
2024-07-07,0.0468329247747973,0.030076232989103,6.96
2024-07-14,0.0144338771355621,0.0285617561420258,7.6
2024-07-21,0.0325047070629519,0.0322800345416995,7.92
2024-07-28,0.0133688687017508,0.0317668483845274,7.52
2024-08-04,0.0292652451292169,0.0316540525295836,10.22
2024-08-11,0.0533697308056429,0.0349272674471679,6.84
2024-08-18,0.0216585527105416,0.0322461326582939,6.7
2024-08-25,0.0238993270145401,0.0339424263606289,6.36
2024-09-01,0.02010271510757,0.0338578023562805,6.4
2024-09-08,0.0221494112468486,0.0241560720696858,5.94
2024-09-15,0.0157344616974516,0.0237893134949107,6.46
2024-09-22,0.0236363977441402,0.0222914942464253,6.46
2024-09-29,0.0205267456112412,0.0214405120497459,5.92
2024-10-06,0.026348246603397,0.0214778951692899,5.74
2024-10-13,0.0176160195624741,0.0209620295345977,5.88
2024-10-20,0.0138240205358029,0.0200088455573851,6.12
2024-10-27,0.0195245985352763,0.0189899377271252,7.26
2024-11-03,0.0176707135848433,0.0171445938273303,10.62
2024-11-10,0.0225996115343053,0.0197069810855788,17.3
2024-11-17,0.0310832367298924,0.023331197227221,14.74
2024-11-24,0.0167536143073413,0.0228947647328647,12.62
2024-12-01,0.0300751754748895,0.0252277377609426,14.52
2024-12-08,0.0568207348778922,0.0350852525054435,11.92
2024-12-15,0.0390938027058716,0.0362648663003229,13.02
2024-12-22,0.020033169582311,0.0378185561163112,10.7
2024-12-29,0.0360864886701721,0.0387188666387928,9.6
2025-01-05,0.0082203772817925,0.0280791541339216,9.38
2025-01-12,0.0227701886957401,0.0236687248095483,10.08
2025-01-19,0.0220612768514529,0.0235590732068049,13.02
2025-01-26,0.0147786415731419,0.0197699100112047,9.72
2025-02-02,0.0285802934150003,0.020837571562084,10.3
2025-02-09,0.0386125253492836,0.0253327885537643,7.74
2025-02-16,0.0410827923169083,0.0316647304629053,7.64
2025-02-23,0.0210191423909716,0.031964520423691,10.1
2025-03-02,0.0352181377186159,0.034738645477134,10.3
2025-03-09,0.0391559979027954,0.0355326538976275,8.8
2025-03-16,0.0348239364128515,0.0321649533121608,6.96
2025-03-23,0.0220692027709615,0.0329930024963511,6.88
2025-03-30,0.0231963388676207,0.0308206328344645,7.36
2025-04-06,0.0281504885401999,0.0291220142354603,8.92
2025-04-13,0.0239882814175169,0.0261383136620085,6.64
2025-04-20,0.0061889039266879,0.0213500682454004,7.56
2025-04-27,0.0181981208386121,0.0207495386401829,6.46
2025-05-04,0.0090301819707721,0.0195143000814875,7.6
2025-05-11,0.0279284619719839,0.0182748535740808,7.8
2025-05-18,0.0142769200565708,0.0184453763596769,8.66
2025-05-25,0.0250320674011596,0.0201763222797775,7.68
2025-06-01,0.0162437941251662,0.0213393737654888,6.78
2025-06-08,0.0203088210821136,0.0181954838927506,7.42
2025-06-15,0.0139396822378974,0.0182323272698852,6.92
2025-06-22,0.0095045901263783,0.0148607549733498,7.24
2025-06-29,0.0148928221097222,0.0149665455013253,6.42
2025-07-06,0.0132473390967226,0.0133280824864311,7.86
2025-07-13,0.0105771216375323,0.0130240300546163,9.7
2025-07-20,0.0136811491972637,0.0144917062005558,8.36
2025-07-27,0.0247379032290699,0.0159583405180452,8.04
2025-08-03,0.0177013668710882,0.0201536374415169,8.24
2025-08-10,0.0147063980859589,0.0209100783404998,9.38
2025-08-17,0.0175940415645099,0.0217368959467292,7.04
2025-08-24,0.0419679581541097,0.0277885783064828,7.3
2025-08-31,0.0229485548839917,0.0254996313345789,6.48
2025-09-07,0.0133066615084995,0.0243271909647812,6.34
2025-09-14,0.0108758986115288,0.023694988049984,6.52
2025-09-21,0.0266266391179401,0.0200036016799809,6.64
2025-09-28,0.0391078546114366,0.0246358724681308,6.96
2025-10-05,0.0441338172481878,0.0320742382757575,9.4
2025-10-12,0.0622240314052102,0.0430389569082344,14.64
2020-10-18,0.0101156161527248,0.0101156161527248,4.16
2020-10-25,0.0273001864537775,0.0227596700698365,4.26
2020-11-01,0.0218666857063794,0.0218835275303598,4.44
2020-11-08,0.047437098785257,0.0297701543925653,4.8
2020-11-15,0.0196102756965783,0.0289531804313597,6.32
2020-11-22,0.0280093078032645,0.0293695965316218,7.42
2020-11-29,0.0430050254653341,0.0342939034021211,6.16
2020-12-06,0.0412807639896647,0.0344324583830241,5.12
2020-12-13,0.0278901345379641,0.0340330719095122,7.38
2020-12-20,0.0400334179243187,0.0374891757965084,7.66
2020-12-27,0.0374240137434772,0.035784690701801,11.32
2021-01-03,0.0315388129350194,0.0341438824930179,18.42
2021-01-10,0.051753314404785,0.0377862375186574,17.4
2021-01-17,0.0626272109822093,0.046129391696991,12.06
2021-01-24,0.0623693180962418,0.0537736787373789,10.96
2021-01-31,0.0515028622638147,0.0565945254394754,10.84
2021-02-07,0.0289171853399023,0.0511571089693281,17.78
2021-02-14,0.0747845162547035,0.0552336461381191,18.4
2021-02-21,0.0357792182555431,0.0484596902029134,19.12
2021-02-28,0.0393292758840123,0.0518168481845239,12.46
2021-03-07,0.0478928713998318,0.0539990451584471,12.44
2021-03-14,0.0336168820116298,0.0433725506712341,12.34
2021-03-21,0.0297185677052664,0.0413001438332032,10.78
2021-03-28,0.0386993502978144,0.0371116013220926,11.08
2021-04-04,0.0200602440169724,0.0311903895345229,11.36
2021-04-11,0.0255013100509972,0.030386858118798,13.98
2021-04-18,0.0398306243520059,0.0299990372870878,16.82
2021-04-25,0.0197087098843761,0.0273208594009997,13.8
2021-05-02,0.0493290789099663,0.0363146235642325,14.26
2021-05-09,0.0442173925239413,0.0396543221841641,18.0
2021-05-16,0.0536162269231651,0.0462628084653695,25.52
2021-05-23,0.0776901608723219,0.0578411881128226,18.82
2021-05-30,0.058654298007526,0.0578509358503489,12.82
2021-06-06,0.0404167037699344,0.0574132326234185,13.06
2021-06-13,0.069367403220678,0.0615971452135871,10.72
2021-06-20,0.0315831524924315,0.0503460960446908,13.06
2021-06-27,0.069877066095699,0.0519941031270858,9.76
2021-07-04,0.028662250468507,0.0502116561710638,8.54
2021-07-11,0.0267013601568842,0.0446807565531019,8.04
2021-07-18,0.016653635126878,0.0375282115658252,8.7
2021-07-25,0.0391703686865712,0.0313002179596465,9.84
2021-08-01,0.0386838611147151,0.03155874687542,8.96
2021-08-08,0.0330350032740142,0.032470095613605,9.9
2021-08-15,0.0397617604554851,0.0345332528469687,9.14
2021-08-22,0.031813140305314,0.0331838121830533,9.24
2021-08-29,0.0311697392095919,0.0328817868539765,9.4
2021-09-05,0.0247946983688119,0.0307144087668878,10.94
2021-09-12,0.0457938609296494,0.0326695936137987,8.28
2021-09-19,0.0268252779045116,0.0315516602939222,9.38
2021-09-26,0.0555448235241479,0.0380436384560581,8.04
2021-10-03,0.045388281956451,0.0430392900945431,9.34
2021-10-10,0.0341010511706026,0.0399884775944043,10.2
2021-10-17,0.035063072441669,0.0418351596972139,12.2
2021-10-24,0.0320102555081132,0.0347127883966325,10.5
2021-10-31,0.0319208605209293,0.0317317804437014,9.72
2021-11-07,0.0212743327451849,0.028770428853778,11.14
2021-11-14,0.0307094564156314,0.0269610340397871,11.32
2021-11-21,0.0336937306614813,0.0283989625952928,10.52
2021-11-28,0.0401926049136129,0.030395091840504,10.96
2021-12-05,0.033911051631558,0.033937055980933,11.38
2021-12-12,0.0317301626757242,0.0334904159694608,10.18
2021-12-19,0.03668397678621,0.0342437808774333,9.2
2021-12-26,0.0223583346854987,0.0327579832220445,9.68
2022-01-02,0.0291456095927463,0.0326639222287162,12.68
2022-01-09,0.0205428773027453,0.0293187454509091,12.2
2022-01-16,0.019436220885059,0.0241104162317758,12.58
2022-01-23,0.042770501134737,0.02889700239108,15.96
2022-01-30,0.0079904006401774,0.0277014781219492,12.28
2022-02-06,0.0493537840862965,0.0345270966045465,11.44
2022-02-13,0.0192460057691742,0.0344520966582117,10.06
2022-02-20,0.039472818116235,0.0335579096828375,12.72
2022-02-27,0.0303416965212101,0.0347527708250381,11.22
2022-03-06,0.0703452675171942,0.0409137800998243,9.7
2022-03-13,0.0448961687951675,0.0446216873491588,8.68
2022-03-20,0.0270625832465968,0.0434318869531362,8.88
2022-03-27,0.0191460844877488,0.042324751634964,9.42
2022-04-03,0.0169132592758187,0.0284447369217831,8.84
2022-04-10,0.0226926034576557,0.0239348097059886,8.46
2022-04-17,0.0314439847217354,0.0246156186534716,7.96
2022-04-24,0.0177826563004746,0.0240061365932436,7.82
2022-05-01,0.0335461721339285,0.0253893723460732,8.44
2022-05-08,0.0396482708044553,0.0296113710797426,15.84
2022-05-15,0.0562449311326411,0.0363245040863351,11.42
2022-05-22,0.0426843527415309,0.0402592856086696,10.3
2022-05-29,0.022348323444328,0.0390190893312974,9.06
2022-06-05,0.0428659226410168,0.0398187380854869,8.24
2022-06-12,0.0334052995597905,0.0351153336778675,17.66
2022-06-19,0.0804307489798538,0.0481255631945566,13.7
2022-06-26,0.0285325372398307,0.0489266368218188,10.1
2022-07-03,0.0104726798763691,0.0442084470784192,9.38
2022-07-10,0.0309292340108546,0.0459098211785193,8.36
2022-07-17,0.0319546706584329,0.0326986663059896,9.12
2022-07-24,0.0361187316753436,0.0287160051850831,7.84
2022-07-31,0.0428694317270331,0.0329867025776792,7.44
2022-08-07,0.0155837544858948,0.0314850765174172,7.08
2022-08-14,0.020967982160176,0.0289850572697604,6.82
2022-08-21,0.0396323083568886,0.0305802050454508,6.54
2022-08-28,0.023966942136406,0.0259438417172321,6.72
2022-09-04,0.0187408483084921,0.026734631931128,6.64
2022-09-11,0.0471410526124569,0.0334124442528014,8.5
2022-09-18,0.0407811399782121,0.0339266705180909,7.16
2022-09-25,0.0257379131990941,0.0336932624885411,6.1
2022-10-02,0.0136743447189765,0.0329724760766057,5.6
2022-10-09,0.0216812091661778,0.026107806937003,5.7
2022-10-16,0.0106317534881737,0.018918844293258,5.22
2022-10-23,0.0116538163802405,0.0143475283294766,5.28
2022-10-30,0.0234464782138155,0.0168720819028577,5.42
2022-11-06,0.0213832659540737,0.0165268951997812,10.02
2022-11-13,0.0786726718398308,0.0420105383517098,8.24
2022-11-20,0.0147947172634992,0.0422738476448292,6.62
2022-11-27,0.019612063727995,0.0413389925592382,5.76
2022-12-04,0.0205854648292146,0.0414770984674689,5.12
2022-12-11,0.0121563426297335,0.0168307509797204,5.68
2022-12-18,0.0242780494034221,0.0187752880291907,4.86
2022-12-25,0.0141615037718726,0.0170934682139776,5.0
2023-01-01,0.0071465444118846,0.0147099526298618,5.16
2023-01-08,0.0048173352311042,0.0136145366629274,5.9
2023-01-15,0.0247573304229616,0.0183377101153294,6.64
2023-01-22,0.030747057618915,0.0218364540692531,6.22
2023-01-29,0.0156438781508897,0.0219645407055613,5.98
2023-02-05,0.0207815425435856,0.0247510984016285,5.48
2023-02-12,0.022195291426217,0.0243421001656963,5.86
2023-02-19,0.0404518210512573,0.0258613633720702,5.7
2023-02-26,0.0182482450905712,0.0268824597110009,5.52
2023-03-05,0.0212703411624492,0.0265691466439872,5.86
2023-03-12,0.0419411863326493,0.0308155923736084,7.26
2023-03-19,0.0450452630092502,0.0351838712359209,7.32
2023-03-26,0.0254420565704105,0.0357587500143015,6.36
2023-04-02,0.0221695959563107,0.0352699908151913,6.16
2023-04-09,0.0101883556707694,0.0321647527836886,6.94
2023-04-16,0.0182554695970916,0.0200296511658799,6.26
2023-04-23,0.0300371118639761,0.0213206426203158,5.92
2023-04-30,0.0168924345020854,0.020466907905951,5.72
2023-05-07,0.023733456036672,0.022852343844709,6.0
2023-05-14,0.0121379059419633,0.0213173634638276,5.56
2023-05-21,0.0129434538410585,0.0170962614926719,5.58
2023-05-28,0.0227814323480905,0.0178417420011264,5.62
2023-06-04,0.0115315180654816,0.0157956161789725,6.22
2023-06-11,0.0347829800764751,0.0211377358920629,5.88
2023-06-18,0.019064071518723,0.0223010280899156,6.36
2023-06-25,0.0274641995788088,0.0261497628343038,6.32
2023-07-02,0.0113746533636664,0.0247371383719788,5.96
2023-07-09,0.0136589110391445,0.020201909465853,6.4
2023-07-16,0.021441079255293,0.0201837942455373,5.96
2023-07-23,0.0066667811780761,0.0131003337970007,5.74
2023-07-30,0.0120913891942843,0.013295839920232,5.62
2023-08-06,0.0095976755525644,0.0125029508479183,5.8
2023-08-13,0.0091572322365825,0.0088866858758698,6.08
2023-08-20,0.0265981029220144,0.0161483868530218,5.98
2023-08-27,0.0080417055028744,0.0155111346937311,5.54
2023-09-03,0.0332876496048771,0.0212587360646848,5.42
2023-09-10,0.0096773171065681,0.0212158849272579,5.42
2023-09-17,0.0166239614733571,0.0179750645326266,5.32
2023-09-24,0.0124807092134383,0.0185112094905387,5.02
2023-10-01,0.0159372875531794,0.0133807536811942,5.3
2023-10-08,0.0130616877891646,0.0139763710135128,5.24
2023-10-15,0.0100940818514976,0.0128702609703896,5.84
2023-10-22,0.0202167038693206,0.0159861148286324,7.62
2023-10-29,0.0383660410127557,0.0240399851900524,6.66
2023-11-05,0.0116868922837596,0.0231626101437984,7.3
2023-11-12,0.012099616027286,0.0223523349884414,7.04
2023-11-19,0.0363954894468129,0.0263838407575243,6.56
2023-11-26,0.0265746904663597,0.0221378796858153,6.08
2023-12-03,0.0124345095378714,0.0223222661705438,9.22
2023-12-10,0.0271813624697309,0.0252600129185707,7.68
2023-12-17,0.0297629382639151,0.0242794549366198,8.08
2023-12-24,0.0190273404790201,0.0225794079571882,8.34
2023-12-31,0.0171526028887742,0.0234069382322436,8.88
2024-01-07,0.0296718488839251,0.02317109790292,12.52
2024-01-14,0.0433326101650479,0.0273981125601295,8.32
2024-01-21,0.0177653494872906,0.0269191677749333,7.66
2024-01-28,0.0282215763111168,0.0286394563881033,6.84
2024-02-04,0.0144171230605934,0.0259423376453345,7.18
2024-02-11,0.0132147057396622,0.0198434479187657,9.58
2024-02-18,0.0195338130744951,0.0193262241295723,8.1
2024-02-25,0.0109439563362691,0.015548168820471,12.66
2024-03-03,0.0392332731038611,0.0246471162451437,14.66
2024-03-10,0.0442186444362827,0.0306839335104427,14.68
2024-03-17,0.0400028638533996,0.0352710496733817,12.58
2024-03-24,0.0590595721736999,0.0439370866813597,10.58
2024-03-31,0.0194359113262485,0.0397907402534566,10.38
2024-04-07,0.0318365777207786,0.0369173471810789,10.06
2024-04-14,0.0354007719011808,0.0386937202020665,11.94
2024-04-21,0.0274556727969123,0.0286543483036019,8.74
2024-04-28,0.0183435910299657,0.0269269981128895,8.76
2024-05-05,0.0380469027715344,0.0284600027448742,7.12
2024-05-12,0.021576612705271,0.0273139575997643,7.12
2024-05-19,0.0344145553789171,0.0276283438355115,8.7
2024-05-26,0.0342683470336587,0.0304055655727329,7.56
2024-06-02,0.011672181687835,0.0256798226579523,7.62
2024-06-09,0.0146194386060195,0.0241397443712405,7.16
2024-06-16,0.0160939572714553,0.0198192181139421,6.7
2024-06-23,0.0085764836210876,0.0130248544468006,6.88
2024-06-30,0.0275866106429944,0.0170984020110614,7.3
2024-07-07,0.0281193485232434,0.0206216680608737,6.96
2024-07-14,0.0135031185846695,0.0219386549028285,7.6
2024-07-21,0.0284829448226443,0.0264006088992236,7.92
2024-07-28,0.0176913792223468,0.0247566096506012,7.52
2024-08-04,0.0233138876121626,0.0264155299976845,10.22
2024-08-11,0.0619042086659921,0.0370281647409827,6.84
2024-08-18,0.0217355906659236,0.0344390480912962,6.7
2024-08-25,0.0267326436323352,0.036367186615248,6.36
2024-09-01,0.0202948925450193,0.0360543872046499,6.4
2024-09-08,0.0268489748021559,0.0251943264635329,5.94
2024-09-15,0.022677291183354,0.0255066079494155,6.46
2024-09-22,0.017295788924634,0.0230581228367481,6.46
2024-09-29,0.0162731717385177,0.0213461660912201,5.92
2024-10-06,0.0229011351928902,0.0194882118439116,5.74
2024-10-13,0.0191743640254546,0.0186914778830329,5.88
2024-10-20,0.0179015494286241,0.0188319729214152,6.12
2024-10-27,0.0187603165128214,0.01941260320656,7.26
2024-11-03,0.0241855383760987,0.0193390978098392,10.62
2024-11-10,0.0353924102685369,0.0249526951220617,17.3
2024-11-17,0.0462120999287523,0.0316729868048821,14.74
2024-11-24,0.0179632614188307,0.0308052233326573,12.62
2024-12-01,0.0290723120561121,0.0322338476438103,14.52
2024-12-08,0.0209927957896835,0.0295092875599019,11.92
2024-12-15,0.0278300887741587,0.0229080030556613,13.02
2024-12-22,0.0244535664924014,0.0246517077786277,10.7
2024-12-29,0.0249849567472419,0.0237415917705371,9.6
2025-01-05,0.0112147397960298,0.0224381766236674,9.38
2025-01-12,0.0302785925179389,0.0235118952451633,10.08
2025-01-19,0.0280885864855617,0.0238341745354973,13.02
2025-01-26,0.0211656660583286,0.0228115939572018,9.72
2025-02-02,0.0184941262274829,0.0236741864996244,10.3
2025-02-09,0.0216424099731334,0.0214680842890744,7.74
2025-02-16,0.0150060485746345,0.0186704039403745,7.64
2025-02-23,0.0129095653315095,0.0163247459028839,10.1
2025-03-02,0.0506047988336359,0.0272649225967767,10.3
2025-03-09,0.0439973455950934,0.0330218850512492,8.8
2025-03-16,0.0327722968306215,0.0358178994039634,6.96
2025-03-23,0.0273420273175571,0.037709134457103,6.88
2025-03-30,0.0161235083485971,0.0359195608308226,7.36
2025-04-06,0.0312014250935877,0.0283022568240536,8.92
2025-04-13,0.0447330464793559,0.0299395388456908,6.64
2025-04-20,0.0078760373102853,0.0274749116604181,7.56
2025-04-27,0.0262051722284772,0.0292804576958665,6.46
2025-05-04,0.0141764396046371,0.0284033030668895,7.6
2025-05-11,0.0239789510424391,0.0196351755849515,7.8
2025-05-18,0.0147390360269839,0.019635339596461,8.66
2025-05-25,0.0218109486069358,0.0184094815545872,7.68
2025-06-01,0.0114573349729771,0.0188122359423253,6.78
2025-06-08,0.0177129054774431,0.0159906372880763,7.42
2025-06-15,0.0211863582440793,0.0180349976691643,6.92
2025-06-22,0.0110320102638818,0.0150301018220317,7.24
2025-06-29,0.0164317903324924,0.0166095382382938,6.42
2025-07-06,0.0160976610551232,0.0162726852905729,7.86
2025-07-13,0.016388266497958,0.015757184346471,9.7
2025-07-20,0.0094753270900499,0.0154241805748784,8.36
2025-07-27,0.011185284230393,0.013564942920151,8.04
2025-08-03,0.0123317464158929,0.0134603091581236,8.24
2025-08-10,0.0128658185560161,0.0117887420320547,9.38
2025-08-17,0.0205640667018361,0.0142149148133289,7.04
2025-08-24,0.0232885544373074,0.0171951547162645,7.3
2025-08-31,0.0198125316278827,0.0186822997650528,6.48
2025-09-07,0.009061468605713,0.0183327566560443,6.34
2025-09-14,0.0099437041877437,0.0160308012082727,6.52
2025-09-21,0.0077013803265483,0.0129205590545296,6.64
2025-09-28,0.0205287242091591,0.0122878241920675,6.96
2025-10-05,0.0142431253275558,0.0144253493871396,9.4
2025-10-12,0.0300535014164583,0.0206796793288438,14.64
2020-10-18,0.0190579142435148,0.0190579142435148,4.16
2020-10-25,0.0349081560994048,0.0286215427919818,4.26
2020-11-01,0.0252052842910335,0.027025684395748,4.44
2020-11-08,0.0477499617067005,0.0336387811255423,4.8
2020-11-15,0.025842261535967,0.0330904864537644,6.32
2020-11-22,0.0374575352504445,0.0357372985248989,7.42
2020-11-29,0.06543841962864,0.0442413805466072,6.16
2020-12-06,0.0512757700188932,0.0463084314531145,5.12
2020-12-13,0.0399948596135716,0.0481404201898879,7.38
2020-12-20,0.0339518219302053,0.0468988018696269,7.66
2020-12-27,0.0545312312427074,0.0438351441374878,11.32
2021-01-03,0.0959994661678131,0.0598878043353094,18.42
2021-01-10,0.0400097606013856,0.0586664216722164,17.4
2021-01-17,0.0792489487756473,0.0689418933919613,12.06
2021-01-24,0.1072589117956328,0.0800601012947623,10.96
2021-01-31,0.0514328419746389,0.0833317375500888,10.84
2021-02-07,0.0645867058817769,0.0735028926484396,17.78
2021-02-14,0.0342756867974277,0.065483223684513,18.4
2021-02-21,0.0253042617555135,0.0494431462205344,19.12
2021-02-28,0.0566182050520475,0.0522233853096351,12.46
2021-03-07,0.0556007192254603,0.04981341204327,12.44
2021-03-14,0.0496425949644179,0.0515200567932206,12.34
2021-03-21,0.0191151319097459,0.0508381604762467,10.78
2021-03-28,0.0408757306020413,0.0427910779365591,11.08
2021-04-04,0.0452819318512799,0.0423559986033224,11.36
2021-04-11,0.039582382291904,0.0410277500064304,13.98
2021-04-18,0.049428256537948,0.0425997021640568,16.82
2021-04-25,0.0476461561168877,0.0432565403753457,13.8
2021-05-02,0.0351556930233102,0.0433812487265472,14.26
2021-05-09,0.0782242246836486,0.0528242933794588,18.0
2021-05-16,0.0736107530951596,0.0617765708989403,25.52
2021-05-23,0.1258583056848838,0.0893614396683032,18.82
2021-05-30,0.1204863726533012,0.1023488821866735,12.82
2021-06-06,0.0648329226093632,0.1002902118859799,13.06
2021-06-13,0.0443683036352504,0.0955436369752025,10.72
2021-06-20,0.0468741777068551,0.0733480228259275,13.06
2021-06-27,0.0838622906346188,0.059893743797093,9.76
2021-07-04,0.0433671400631625,0.0549047991311137,8.54
2021-07-11,0.0466141750945776,0.0559551396376061,8.04
2021-07-18,0.0302181570037553,0.0529613829324824,8.7
2021-07-25,0.0503029472232016,0.0455933659622546,9.84
2021-08-01,0.0139617429481556,0.0399903310079631,8.96
2021-08-08,0.0549882460951738,0.0411893904295608,9.9
2021-08-15,0.0440330036852468,0.0403273916379069,9.14
2021-08-22,0.0375960098720613,0.0385278736309279,9.24
2021-08-29,0.0351125384987731,0.0412825321864348,9.4
2021-09-05,0.0475667895420095,0.0438077234812796,10.94
2021-09-12,0.0587639926927003,0.0453418685433393,8.28
2021-09-19,0.0400396059139538,0.045750150629447,9.38
2021-09-26,0.0783344971819676,0.0558608199753487,8.04
2021-10-03,0.0511215565215404,0.0551599324113564,9.34
2021-10-10,0.0255888652145838,0.0493183183991793,10.2
2021-10-17,0.0240503217310842,0.0472296984238967,12.2
2021-10-24,0.0415783408961127,0.0353078928005643,10.5
2021-10-31,0.0465408160526999,0.0332118084097621,9.72
2021-11-07,0.0250621009413868,0.0340952807923499,11.14
2021-11-14,0.0225158304860628,0.032630479617825,11.32
2021-11-21,0.0533625446148669,0.0378613180734718,10.52
2021-11-28,0.0448031162783936,0.0362034149668554,10.96
2021-12-05,0.0374022082907587,0.0379793918748328,11.38
2021-12-12,0.0454002281526408,0.0417007638444756,10.18
2021-12-19,0.047363066839405,0.0407585169851111,9.2
2021-12-26,0.0171368144718053,0.0367200432781012,9.68
2022-01-02,0.032969093397334,0.0351387335862141,12.68
2022-01-09,0.0334429575102737,0.0348926246069129,12.2
2022-01-16,0.0317046362953577,0.0306130620538423,12.58
2022-01-23,0.0603107958775627,0.0417987849971617,15.96
2022-01-30,0.0279490157293044,0.0424143365210794,12.28
2022-02-06,0.0469584249474662,0.0461577781934396,11.44
2022-02-13,0.0336842256298261,0.0457418075415752,10.06
2022-02-20,0.0522476200792135,0.0427990343384139,12.72
2022-02-27,0.038421762038976,0.0419686817673261,11.22
2022-03-06,0.0614683481673781,0.0439247271576372,9.7
2022-03-13,0.036179053585885,0.0441235229298754,8.68
2022-03-20,0.0291337886330531,0.0412433229933547,8.88
2022-03-27,0.0149324139654156,0.0391144116978997,9.42
2022-04-03,0.0256779232445031,0.0282391167555287,8.84
2022-04-10,0.031750074292612,0.0276724545251091,8.46
2022-04-17,0.0347663396970627,0.0292262515815771,7.96
2022-04-24,0.01690241701034,0.028642086684387,7.82
2022-05-01,0.0413103622912115,0.0302682856300589,8.44
2022-05-08,0.0394755365530399,0.0322711179158932,15.84
2022-05-15,0.0706953444881297,0.0428622602075193,11.42
2022-05-22,0.0515490579932536,0.0480165379566831,10.3
2022-05-29,0.0367689414914024,0.0480435158185867,9.06
2022-06-05,0.0518429517145433,0.0502933513827746,8.24
2022-06-12,0.0399991076538924,0.0446232185356958,17.66
2022-06-19,0.1045517982182102,0.0608266322587904,13.7
2022-06-26,0.0546707919445206,0.0646341345347876,10.1
2022-07-03,0.0207451999042116,0.0600556639254734,9.38
2022-07-10,0.0407237460824299,0.0623376862437127,8.36
2022-07-17,0.0636494601385862,0.0541167343362867,9.12
2022-07-24,0.0714344971785159,0.0516064758284202,7.84
2022-07-31,0.0710023122318772,0.0577810173395166,7.44
2022-08-07,0.0350468229118174,0.0583088945617935,7.08
2022-08-14,0.0430980510659515,0.0555085033298171,6.82
2022-08-21,0.0488080265189662,0.0495931096061543,6.54
2022-08-28,0.0473186132814131,0.0433590236034346,6.72
2022-09-04,0.0351013593568472,0.0442899006192966,6.64
2022-09-11,0.03068993459857,0.0417583323103413,8.5
2022-09-18,0.0544428284832278,0.0453960158238391,7.16
2022-09-25,0.0393745395271964,0.0434276654356776,6.1
2022-10-02,0.0180269754756156,0.0396926045849647,5.6
2022-10-09,0.0203116723450149,0.0375686857011882,5.7
2022-10-16,0.0171057857926835,0.0291576696421546,5.22
2022-10-23,0.0200209765418308,0.0180593280677779,5.28
2022-10-30,0.0464892977901432,0.028471216478724,5.42
2022-11-06,0.0374628689168644,0.0314743796515737,10.02
2022-11-13,0.1163191512738991,0.0632584992685569,8.24
2022-11-20,0.0280518171853575,0.0640940327440124,6.62
2022-11-27,0.0237792041007992,0.0602638479751207,5.76
2022-12-04,0.0372413526225431,0.0602892223735299,5.12
2022-12-11,0.0224379473114791,0.0278375065180079,5.68
2022-12-18,0.0371995119671366,0.031383587518026,4.86
2022-12-25,0.0180591327600099,0.0282322656610905,5.0
2023-01-01,0.0101300625902901,0.0241202623032364,5.16
2023-01-08,0.0141744901637403,0.0215324502389072,5.9
2023-01-15,0.0215423599985345,0.018686570561284,6.64
2023-01-22,0.0335920661307785,0.0225656798890126,6.22
2023-01-29,0.0307079285314007,0.0257169482537477,5.98
2023-02-05,0.0266934568114261,0.0282528586624396,5.48
2023-02-12,0.0307294973157815,0.0310998939252049,5.86
2023-02-19,0.0332559410429924,0.0293750909344847,5.7
2023-02-26,0.0201648767504147,0.0287069551320226,5.52
2023-03-05,0.0246759808979281,0.027244113108068,5.86
2023-03-12,0.0425293142723639,0.0300029697613719,7.26
2023-03-19,0.0352586955793466,0.0304091552996735,7.32
2023-03-26,0.0356137678824329,0.0334606318388661,6.36
2023-04-02,0.0214517720593387,0.0322166755231812,6.16
2023-04-09,0.0177927885948598,0.0300123030155906,6.94
2023-04-16,0.0222935244979903,0.0245342663639117,6.26
2023-04-23,0.0348620369169149,0.0263356104496645,5.92
2023-04-30,0.0141832204377731,0.0252080998295297,5.72
2023-05-07,0.036333702127767,0.0289418072109926,6.0
2023-05-14,0.0105623006289125,0.0256212927482315,5.56
2023-05-21,0.0077195063479052,0.0191053217435788,5.58
2023-05-28,0.0219585236084451,0.0210942760366524,5.62
2023-06-04,0.0127633196107864,0.0166184885110386,6.22
2023-06-11,0.0308536512756888,0.0196707548829576,5.88
2023-06-18,0.0247326246610223,0.0224184201445116,6.36
2023-06-25,0.0227354327848296,0.0246079708856645,6.32
2023-07-02,0.0254503491063019,0.025416319760492,5.96
2023-07-09,0.0150001816668199,0.0235373227330694,6.4
2023-07-16,0.0322270957592456,0.023528512012653,5.96
2023-07-23,0.0086142140133637,0.0208919647715224,5.74
2023-07-30,0.0107728124285345,0.0178236250572183,5.62
2023-08-06,0.008068110970945,0.0166706778548865,5.8
2023-08-13,0.0068271571909382,0.0080587284122731,6.08
2023-08-20,0.0257558820963475,0.0148768844623334,5.98
2023-08-27,0.0155939616466812,0.0153976546629904,5.54
2023-09-03,0.024944798016193,0.0187615203964245,5.42
2023-09-10,0.0066519248830663,0.0185955704110852,5.42
2023-09-17,0.0212185590967569,0.0169526911446194,5.32
2023-09-24,0.011693914850025,0.0162565265209056,5.02
2023-10-01,0.0157029751826985,0.0149963428523819,5.3
2023-10-08,0.0191030400404128,0.0177661355728452,5.24
2023-10-15,0.0141116044802153,0.0164224456946532,5.84
2023-10-22,0.0174815039770185,0.0179752840778692,7.62
2023-10-29,0.023722965137914,0.0204260831661774,6.66
2023-11-05,0.0156070745459089,0.0180565875635509,7.3
2023-11-12,0.049299552859411,0.0271991325253885,7.04
2023-11-19,0.0317467064384583,0.0302563686989408,6.56
2023-11-26,0.0321410010079864,0.0316737006497665,6.08
2023-12-03,0.0179931800251502,0.0320425528013753,9.22
2023-12-10,0.0266739760870323,0.0259061646504992,7.68
2023-12-17,0.0308994584723542,0.0264589532543106,8.08
2023-12-24,0.0207646407883241,0.0237864796881241,8.34
2023-12-31,0.0296790202042829,0.0266811462577063,8.88
2024-01-07,0.0305215934550613,0.0262858287749547,12.52
2024-01-14,0.049087045874728,0.0320111249132207,8.32
2024-01-21,0.0202905856659177,0.0321704603523461,7.66
2024-01-28,0.025703686863905,0.031838701360712,6.84
2024-02-04,0.0165045709528207,0.0296879548459673,7.18
2024-02-11,0.0136249194512558,0.0215255871882829,9.58
2024-02-18,0.0284934084065978,0.0234582926617328,8.1
2024-02-25,0.0217530727975263,0.020343601729518,12.66
2024-03-03,0.0191041969736923,0.0203779238120821,14.66
2024-03-10,0.0320783851805146,0.023943624568309,14.68
2024-03-17,0.0388613410605709,0.0287397582404452,12.58
2024-03-24,0.0677037168059556,0.0416323769965055,10.58
2024-03-31,0.0251135805721206,0.0413519402497044,10.38
2024-04-07,0.0329743797371289,0.0407782021461573,10.06
2024-04-14,0.058375904078624,0.0469654799451802,11.94
2024-04-21,0.0230279982304766,0.0356511712297765,8.74
2024-04-28,0.0199112372593538,0.0349796429676656,8.76
2024-05-05,0.0311006444308482,0.0342533539909228,7.12
2024-05-12,0.020734478184948,0.0279493268581532,7.12
2024-05-19,0.0340737121248491,0.0263734973721112,8.7
2024-05-26,0.0721326939802707,0.0437900839937984,7.56
2024-06-02,0.0139222214936971,0.0412843358709091,7.62
2024-06-09,0.0170579610334783,0.0403732051735899,7.16
2024-06-16,0.0256763875918282,0.0396270221041477,6.7
2024-06-23,0.0167741413330225,0.0179780024494681,6.88
2024-06-30,0.017670420918127,0.018441365287126,7.3
2024-07-07,0.0335571307350346,0.0239335148517021,6.96
2024-07-14,0.0095279237196228,0.0241469591988995,7.6
2024-07-21,0.0308352896780618,0.0271719453558402,7.92
2024-07-28,0.0298416409783903,0.0296406089150127,7.52
2024-08-04,0.0325328870258811,0.0317855339544684,10.22
2024-08-11,0.077603095731911,0.0456609466056288,6.84
2024-08-18,0.0317428979579785,0.0446656145171133,6.7
2024-08-25,0.0250666184361053,0.0445576722135275,6.36
2024-09-01,0.0352463950288044,0.046016500531715,6.4
2024-09-08,0.0395624919719615,0.0319744053304165,5.94
2024-09-15,0.0266007299001273,0.0307549618794364,6.46
2024-09-22,0.0213114286744346,0.0310139751483946,6.46
2024-09-29,0.0200588079333099,0.027570081287669,5.92
2024-10-06,0.0290042761150184,0.0245938399901586,5.74
2024-10-13,0.017143514287913,0.0238510827287926,5.88
2024-10-20,0.0264691793435134,0.0239994226413251,6.12
2024-10-27,0.0253893968406467,0.0253952325134017,7.26
2024-11-03,0.0273116413306046,0.0244334358945605,10.62
2024-11-10,0.0476771180657118,0.035835718851475,17.3
2024-11-17,0.0347978780334605,0.0378809983912424,14.74
2024-11-24,0.0428110460963488,0.039381356078087,12.62
2024-12-01,0.0421241906106563,0.0418005868130676,14.52
2024-12-08,0.0312254481219819,0.0365919308013485,11.92
2024-12-15,0.0398787104179565,0.0366475110994942,13.02
2024-12-22,0.0314550857725284,0.0369617171211841,10.7
2024-12-29,0.0288023297193905,0.0336815123934963,9.6
2025-01-05,0.0191320477911826,0.0311924689782311,9.38
2025-01-12,0.0347080328724895,0.030671884922741,10.08
2025-01-19,0.0495599505071659,0.0339512906358729,13.02
2025-01-26,0.0218847906421966,0.0322544836401791,9.72
2025-02-02,0.0430598864526643,0.0362678197848441,10.3
2025-02-09,0.0256749656883243,0.0343994051207274,7.74
2025-02-16,0.0269963342914546,0.0301448589124489,7.64
2025-02-23,0.0268695462959208,0.0305743423908866,10.1
2025-03-02,0.0759810536804579,0.0445843937266345,10.3
2025-03-09,0.0662934698370643,0.05117741759581,8.8
2025-03-16,0.0375118283201045,0.0521645267077884,6.96
2025-03-23,0.0308661330648156,0.0537206447635256,6.88
2025-03-30,0.028695956591991,0.0497656588874382,7.36
2025-04-06,0.0570387910744827,0.0410278383251385,8.92
2025-04-13,0.0732345567137138,0.0480305401359102,6.64
2025-04-20,0.0144337368201594,0.0457877839791768,7.56
2025-04-27,0.0442467813825079,0.0494043472501715,6.46
2025-05-04,0.0120162126225093,0.0472101701344173,7.6
2025-05-11,0.0860633030696083,0.0502833444891534,7.8
2025-05-18,0.035086329350481,0.0516321966247432,8.66
2025-05-25,0.0284753481216602,0.0495742936396495,7.68
2025-06-01,0.0239191584298084,0.0506139616772624,6.78
2025-06-08,0.0349885694110769,0.0341709629377359,7.42
2025-06-15,0.0412561241522896,0.0303082939799029,6.92
2025-06-22,0.0213513203335568,0.0298789831232114,7.24
2025-06-29,0.0328925047451417,0.0328753732884007,6.42
2025-07-06,0.0347004721898498,0.0330574899246063,7.86
2025-07-13,0.0311058419231031,0.0319555707240599,9.7
2025-07-20,0.0217000739923428,0.0330674529171542,8.36
2025-07-27,0.0211072521637654,0.0282436656741774,8.04
2025-08-03,0.0284492340140473,0.029710512105545,8.24
2025-08-10,0.0362815980262957,0.0317359950064603,9.38
2025-08-17,0.0426456208027366,0.0344323213972351,7.04
2025-08-24,0.0696117849480938,0.0455168719906924,7.3
2025-08-31,0.041998180175034,0.0477009785642752,6.48
2025-09-07,0.0198574021819591,0.0450748009718077,6.34
2025-09-14,0.0243016289300004,0.0407419544508419,6.52
2025-09-21,0.0147222700719799,0.0259757292821545,6.64
2025-09-28,0.0410478335121584,0.0254885008154275,6.96
2025-10-05,0.0225221344332534,0.0266675410694777,9.4
2025-10-12,0.0525851417867417,0.037098685684262,14.64
2020-10-18,0.0355717197213523,0.0355717197213523,4.16
2020-10-25,0.0443332144339832,0.038919035903965,4.26
2020-11-01,0.0667208359134536,0.0490578241832641,4.44
2020-11-08,0.1462250482819276,0.0882223446082162,4.8
2020-11-15,0.082394083210076,0.089826968243037,6.32
2020-11-22,0.082960978787699,0.0948748387348169,7.42
2020-11-29,0.0702624296668146,0.0949235723817831,6.16
2020-12-06,0.0678126598863084,0.0716697218685745,5.12
2020-12-13,0.0546241864173147,0.0663862543439236,7.38
2020-12-20,0.0571614274139483,0.0660772772649404,7.66
2020-12-27,0.1021217818672851,0.0675099998362919,11.32
2021-01-03,0.1211597106958918,0.0921988807650627,18.42
2021-01-10,0.1767290348559896,0.1200649706169374,17.4
2021-01-17,0.0961597965741309,0.1259705414697544,12.06
2021-01-24,0.098864136582704,0.1243129953410937,10.96
2021-01-31,0.0636252725015618,0.1152251214716586,10.84
2021-02-07,0.0755989269002486,0.0814586030942548,17.78
2021-02-14,0.0895534949009308,0.0809945754188063,18.4
2021-02-21,0.1324866145430121,0.0869285471917172,19.12
2021-02-28,0.1569296178945997,0.1090490767659972,12.46
2021-03-07,0.0774137627213572,0.1113392759399124,12.44
2021-03-14,0.080377358304697,0.1082701622930968,12.34
2021-03-21,0.0259974039704178,0.0946949602471572,10.78
2021-03-28,0.0803688931577555,0.0656296296943998,11.08
2021-04-04,0.0501794666760225,0.0610480444784882,11.36
2021-04-11,0.0474885333764492,0.0545089542995577,13.98
2021-04-18,0.1229689027007514,0.0745998991053214,16.82
2021-04-25,0.0944275177545408,0.0803942464483067,13.8
2021-05-02,0.0771652603912074,0.0868955688414698,14.26
2021-05-09,0.0456839490762783,0.0860643616955087,18.0
2021-05-16,0.0495679596571636,0.0846310965523917,25.52
2021-05-23,0.2316461324006472,0.1246815526534259,18.82
2021-05-30,0.145852070733837,0.1362644925065689,12.82
2021-06-06,0.0870322604710226,0.1404915014368461,13.06
2021-06-13,0.0771142651933157,0.1436271357943245,10.72
2021-06-20,0.0406874635742667,0.1073676128299189,13.06
2021-06-27,0.1220515455540404,0.0855396061503605,9.76
2021-07-04,0.0357326161947897,0.0728031713959743,8.54
2021-07-11,0.0545684360501388,0.0673910540021277,8.04
2021-07-18,0.0574668803658787,0.0694689084886851,8.7
2021-07-25,0.0695474431980383,0.0548588483499324,9.84
2021-08-01,0.0752733177440083,0.0623247163540943,8.96
2021-08-08,0.0403044917696684,0.0606132798756302,9.9
2021-08-15,0.0814225752304671,0.0648809076538541,9.14
2021-08-22,0.0808450442114732,0.0677672804107046,9.24
2021-08-29,0.0774413161787915,0.0725301006533292,9.4
2021-09-05,0.0906224105958139,0.0782118616984634,10.94
2021-09-12,0.0750137764709316,0.0820656821912026,8.28
2021-09-19,0.0788160537825856,0.0809117645112177,9.38
2021-09-26,0.1029086508167033,0.0875782720648355,8.04
2021-10-03,0.0560131181152736,0.0774080208429671,9.34
2021-10-10,0.0321238459929007,0.0697797591268696,10.2
2021-10-17,0.0446752068332152,0.0707690305725655,12.2
2021-10-24,0.0518491655120151,0.0491977992092483,10.5
2021-10-31,0.0524907213352749,0.0470071127360483,9.72
2021-11-07,0.0614848476893958,0.0523462805924147,11.14
2021-11-14,0.0312554894044205,0.0500883946544275,11.32
2021-11-21,0.0722580009504322,0.0535362934783877,10.52
2021-11-28,0.0448169564425585,0.0537554219298814,10.96
2021-12-05,0.0628664118058596,0.0542739086608436,11.38
2021-12-12,0.0401438266242684,0.0535437888373938,10.18
2021-12-19,0.0810311206313071,0.0566691893479074,9.2
2021-12-26,0.0323752970959319,0.053919303381044,9.68
2022-01-02,0.0432845030040604,0.0506188670560202,12.68
2022-01-09,0.0453949117791127,0.0523455927905898,12.2
2022-01-16,0.0409190287030851,0.0420638918366139,12.58
2022-01-23,0.0733729064420556,0.053468397977507,15.96
2022-01-30,0.0458723874756843,0.0546068186381647,12.28
2022-02-06,0.0645042970479599,0.0613675307293959,11.44
2022-02-13,0.0396923773365109,0.0608742702356213,10.06
2022-02-20,0.054993025420788,0.0606835036477947,12.72
2022-02-27,0.051988456700894,0.0545660585770204,11.22
2022-03-06,0.0808127400447734,0.0550515069278981,9.7
2022-03-13,0.0425628964856414,0.0542647982731138,8.68
2022-03-20,0.0311493741042555,0.0509837250047235,8.88
2022-03-27,0.0365895160075427,0.0505946834048027,9.42
2022-04-03,0.0421334892310384,0.0410892825089299,8.84
2022-04-10,0.056606011649368,0.0464084146770582,8.46
2022-04-17,0.0498788088545322,0.0511337489627557,7.96
2022-04-24,0.0333033679490133,0.0494333250887258,7.82
2022-05-01,0.0525089012044882,0.0462303998905673,8.44
2022-05-08,0.0513837114832442,0.0445052613624422,15.84
2022-05-15,0.1451010820575399,0.0762298059168713,11.42
2022-05-22,0.0764541873467974,0.0820141531741003,10.3
2022-05-29,0.0606157160671543,0.0852869421120528,9.06
2022-06-05,0.0574556819150425,0.084015895085478,8.24
2022-06-12,0.0728528209906956,0.0690077783101112,17.66
2022-06-19,0.0979866054471532,0.0708972938634289,13.7
2022-06-26,0.072092582813744,0.0748372458779483,10.1
2022-07-03,0.031886260382444,0.0702138500667761,9.38
2022-07-10,0.0506996311817827,0.0689026115787939,8.36
2022-07-17,0.0575788818524266,0.0546031858849305,9.12
2022-07-24,0.0661950722559092,0.0521850861552264,7.84
2022-07-31,0.0719404983873201,0.0566345056241973,7.44
2022-08-07,0.0306912669302192,0.0543771340743185,7.08
2022-08-14,0.0397228064875994,0.0517427874411803,6.82
2022-08-21,0.0405116305493386,0.0471390717251542,6.54
2022-08-28,0.0377657490328312,0.0395688101159233,6.72
2022-09-04,0.0326797430319234,0.0395511631052545,6.64
2022-09-11,0.0316681747814514,0.0382648231094797,8.5
2022-09-18,0.0650508967095453,0.0436118678215274,7.16
2022-09-25,0.0400602467048685,0.0424265047332362,6.1
2022-10-02,0.0294798866854325,0.0416002780744179,5.6
2022-10-09,0.0214626502542902,0.0394254908847903,5.7
2022-10-16,0.0210317141040922,0.0323078027974104,5.22
2022-10-23,0.0337903453859622,0.0258297899423846,5.28
2022-10-30,0.0426502088556038,0.0307012953402767,5.42
2022-11-06,0.0724440667275453,0.0437685303445579,10.02
2022-11-13,0.2031425645856421,0.1114874550093563,8.24
2022-11-20,0.0404211312811474,0.1122172512141216,6.62
2022-11-27,0.0651519437789279,0.1144773084220433,5.76
2022-12-04,0.0403828513398009,0.1136587906034352,5.12
2022-12-11,0.0269260113628288,0.0504079466674939,5.68
2022-12-18,0.054073876930278,0.0471268886178559,4.86
2022-12-25,0.0227846483262295,0.0349583479171394,5.0
2023-01-01,0.0472405856819554,0.0377419142761244,5.16
2023-01-08,0.0804803766112645,0.0581601323491181,5.9
2023-01-15,0.1286848408391945,0.0835283913222326,6.64
2023-01-22,0.0895387484259658,0.0912574594093752,6.22
2023-01-29,0.0541915760939272,0.0885855028259523,5.98
2023-02-05,0.0407227166914673,0.0858536549723927,5.48
2023-02-12,0.0578022770793592,0.0845404557308539,5.86
2023-02-19,0.0556222579751001,0.0506949871171755,5.7
2023-02-26,0.0376741667182933,0.0497346101575662,5.52
2023-03-05,0.0211369454296842,0.0442973822903903,5.86
2023-03-12,0.0687355767325913,0.047621442951617,7.26
2023-03-19,0.0532556707100854,0.0466638985961313,7.32
2023-03-26,0.0400749318797316,0.0461866788611804,6.36
2023-04-02,0.0325398170696673,0.0466384461489228,6.16
2023-04-09,0.0159061970755197,0.0408219501163427,6.94
2023-04-16,0.0400062516563274,0.0349696409265704,6.26
2023-04-23,0.0364766182736777,0.0359503350812056,5.92
2023-04-30,0.0310600811957557,0.0357180035683488,5.72
2023-05-07,0.0309433131001565,0.037874055512936,6.0
2023-05-14,0.0295088010146625,0.0333787175613279,5.56
2023-05-21,0.0195411273426656,0.0271684097910599,5.58
2023-05-28,0.0293025146577803,0.0262150465975189,5.62
2023-06-04,0.0252026187587453,0.0259845571051855,6.22
2023-06-11,0.0515894086173008,0.0376256094479571,5.88
2023-06-18,0.026923747238482,0.0389430193132382,6.36
2023-06-25,0.0324691716116153,0.0414987661301772,6.32
2023-07-02,0.0582885988713894,0.0481505832326446,5.96
2023-07-09,0.0389527282534134,0.0431925453104278,6.4
2023-07-16,0.0665519429863471,0.0478014612040485,5.96
2023-07-23,0.0306183477769449,0.0502873354202725,5.74
2023-07-30,0.0434763026683721,0.0472117945288428,5.62
2023-08-06,0.0216174795404396,0.0449313684194461,5.8
2023-08-13,0.0230924009271672,0.0295267682636663,6.08
2023-08-20,0.035801136513452,0.0311291518962042,5.98
2023-08-27,0.0343826411181875,0.0285790494408288,5.54
2023-09-03,0.0374550032707829,0.031587254936106,5.42
2023-09-10,0.0322528823424077,0.0324494382960147,5.42
2023-09-17,0.0206886177408175,0.0299820803212002,5.32
2023-09-24,0.0259139216984527,0.0282972104171696,5.02
2023-10-01,0.0444380123326696,0.032523674706439,5.3
2023-10-08,0.0187531503594477,0.0323175566747186,5.24
2023-10-15,0.0247060698768408,0.0313575641501646,5.84
2023-10-22,0.051387332100635,0.0402649400747723,7.62
2023-10-29,0.0548856445898269,0.0463231852563134,6.66
2023-11-05,0.0564561247739643,0.0485115149183895,7.3
2023-11-12,0.0897617687988105,0.0607260999168831,7.04
2023-11-19,0.0934772938662704,0.0713269894526726,6.56
2023-11-26,0.0656194215681809,0.0739445423581211,6.08
2023-12-03,0.038871019344304,0.0722572133330575,9.22
2023-12-10,0.0563105126258961,0.0618634796333076,7.68
2023-12-17,0.0460754000498591,0.0504773255792574,8.08
2023-12-24,0.0557755829098633,0.0535371320958538,8.34
2023-12-31,0.0542825032355407,0.0590729523651528,8.88
2024-01-07,0.0625435018970283,0.0616575687351823,12.52
2024-01-14,0.0560442752466519,0.062655378554694,8.32
2024-01-21,0.0396094871541807,0.0540937006384268,7.66
2024-01-28,0.0480572577522196,0.0492563782051511,6.84
2024-02-04,0.0350891626822631,0.0442807730351404,7.18
2024-02-11,0.0204436115219073,0.035750321082267,9.58
2024-02-18,0.0306673175066715,0.0329133232166341,8.1
2024-02-25,0.025803271604412,0.0281512488350292,12.66
2024-03-03,0.0391854377002446,0.0329777565541843,14.66
2024-03-10,0.0480060388996261,0.0375996066010683,14.68
2024-03-17,0.0423381488681903,0.0429703467474719,12.58
2024-03-24,0.0841572817741921,0.0562335698149947,10.58
2024-03-31,0.0205538663628544,0.0535078832442246,10.38
2024-04-07,0.0365135310320865,0.0535710349046878,10.06
2024-04-14,0.066847503053392,0.0585179288197094,11.94
2024-04-21,0.0551330098120163,0.0476508817392653,8.74
2024-04-28,0.0354483484116693,0.0476419515946677,8.76
2024-05-05,0.0446631090328661,0.048874613238185,7.12
2024-05-12,0.0454950227003407,0.0482147130404639,7.12
2024-05-19,0.0502422523846528,0.0436857580247414,8.7
2024-05-26,0.0489330934077947,0.0450429305703168,7.56
2024-06-02,0.0188070801462133,0.0408243873888197,7.62
2024-06-09,0.0309464014171191,0.0379709661704842,7.16
2024-06-16,0.0408851745820661,0.0338438438009064,6.7
2024-06-23,0.0213475572965411,0.028526722133375,6.88
2024-06-30,0.0489187987716798,0.0370112390372254,7.3
2024-07-07,0.0715593380567833,0.047829386059888,6.96
2024-07-14,0.031887497223191,0.0473533860049052,7.6
2024-07-21,0.0394738898227533,0.0496101358656574,7.92
2024-07-28,0.037580608339794,0.0470800306700533,7.52
2024-08-04,0.027461948672751,0.0455734104481618,10.22
2024-08-11,0.0812592690899265,0.0535623052614427,6.84
2024-08-18,0.0206148608099631,0.0494335779242252,6.7
2024-08-25,0.0310526578037124,0.0475987337004582,6.36
2024-09-01,0.0203981668926333,0.0466777534416623,6.4
2024-09-08,0.0419725498244577,0.0348270814574405,5.94
2024-09-15,0.0293319341775412,0.0333459055117764,6.46
2024-09-22,0.0299274520754428,0.0341058248545235,6.46
2024-09-29,0.0310699302761763,0.0330563229889639,5.92
2024-10-06,0.0355769129418501,0.0306655335589134,5.74
2024-10-13,0.0238096891536315,0.0307495145027372,5.88
2024-10-20,0.0342840802558458,0.0316192123252358,6.12
2024-10-27,0.0381123485607984,0.032195039172654,7.26
2024-11-03,0.0172112340394878,0.0292474271752276,10.62
2024-11-10,0.0482099031168271,0.0374711632999184,17.3
2024-11-17,0.0517334089421976,0.0418954955591426,14.74
2024-11-24,0.0369411222708069,0.0415000502113945,12.62
2024-12-01,0.0386525643440728,0.0442020707022588,14.52
2024-12-08,0.0284971501457502,0.0385619379204525,11.92
2024-12-15,0.0438160576716314,0.0394878807014111,13.02
2024-12-22,0.0389578576494657,0.0361831047939714,10.7
2024-12-29,0.042806735906399,0.0382274234978711,9.6
2025-01-05,0.0324203366957753,0.0402354090734258,9.38
2025-01-12,0.0389132968216832,0.0399482366460436,10.08
2025-01-19,0.0803695536769328,0.0540764869761858,13.02
2025-01-26,0.0332898898415335,0.0524846508253615,9.72
2025-02-02,0.0400740651226198,0.0537907135086658,10.3
2025-02-09,0.0436062635007551,0.0537136310457785,7.74
2025-02-16,0.0195056354638956,0.0501416262675001,7.64
2025-02-23,0.0370634453954296,0.035338282198738,10.1
2025-03-02,0.1242143358514439,0.0657655353547463,10.3
2025-03-09,0.0767412549473194,0.0729259082487807,8.8
2025-03-16,0.058784447334929,0.0769133988902481,6.96
2025-03-23,0.0440788672326492,0.0780862796289906,6.88
2025-03-30,0.0438935882171203,0.0728264817548003,7.36
2025-04-06,0.0568215260485527,0.0497719664183649,8.92
2025-04-13,0.0679125103458109,0.0546552480231753,6.64
2025-04-20,0.0263639203844822,0.0506292171313799,7.56
2025-04-27,0.0354213395130901,0.0493023267314528,6.46
2025-05-04,0.0147343018071176,0.0464731031443189,7.6
2025-05-11,0.0454589667931534,0.0353810798949522,7.8
2025-05-18,0.0389841694312638,0.0352356928265054,8.66
2025-05-25,0.0291166663326126,0.0335023938370394,7.68
2025-06-01,0.0265842003310927,0.0361658814268745,6.78
2025-06-08,0.0272621733531261,0.0297535721198858,7.42
2025-06-15,0.0438543994355195,0.0317624549394396,6.92
2025-06-22,0.0172723945924051,0.0291644158583394,7.24
2025-06-29,0.0451027971833756,0.0357039597212386,6.42
2025-07-06,0.0307479165514552,0.0363751242169702,7.86
2025-07-13,0.0246277384687964,0.0342716355048163,9.7
2025-07-20,0.0202749530407184,0.0320342602484887,8.36
2025-07-27,0.0532640613958279,0.0335892837812806,8.04
2025-08-03,0.0240814082307099,0.0338323190659689,8.24
2025-08-10,0.0260042883333667,0.0344719892740555,9.38
2025-08-17,0.0534512897374908,0.0407497885469004,7.04
2025-08-24,0.05929598184858,0.0426028374326111,7.3
2025-08-31,0.0528782033305299,0.0462458431570121,6.48
2025-09-07,0.0340106746864084,0.0466044492147382,6.34
2025-09-14,0.0227991297876486,0.0416997544710367,6.52
2025-09-21,0.0241972706512458,0.0338785165774752,6.64
2025-09-28,0.055209608800246,0.0358423769199795,6.96
2025-10-05,0.0350966183298344,0.0366969864202545,9.4
2025-10-12,0.0632781940473861,0.0479252572132261,14.64
2020-10-18,0.0002189752484871,0.0002189752484871,4.16
2020-10-25,0.0005127963584831,0.0003912403801064,4.26
2020-11-01,0.0004876206621457,0.000414446383581,4.44
2020-11-08,0.0006933813474551,0.0004888893814473,4.8
2020-11-15,0.0003319247180414,0.0004816928586011,6.32
2020-11-22,0.0006981266975903,0.0005342113730399,7.42
2020-11-29,0.0009308160677461,0.0006679146241219,6.16
2020-12-06,0.0006435943275861,0.0006981386794546,5.12
2020-12-13,0.0005328985716991,0.0006792773320234,7.38
2020-12-20,0.0007941730604937,0.0007503675774655,7.66
2020-12-27,0.00074409439996,0.000629830992789,11.32
2021-01-03,0.0010072660530933,0.0007460889687124,18.42
2021-01-10,0.0019184298743244,0.0011148713921083,17.4
2021-01-17,0.0006286999980165,0.0011021223265388,12.06
2021-01-24,0.000939347185583,0.0011644548689826,10.96
2021-01-31,0.0009707698968298,0.0011342452202529,10.84
2021-02-07,0.0006168654577257,0.0010435234322399,17.78
2021-02-14,0.0006979550777151,0.0007553959513219,18.4
2021-02-21,0.0002856145698656,0.0006648578974573,19.12
2021-02-28,0.0006828576426002,0.000578282352686,12.46
2021-03-07,0.0008429708462789,0.0006550291287109,12.44
2021-03-14,0.0002451816391471,0.0005729382898634,12.34
2021-03-21,0.0011859806817905,0.0007696864566952,10.78
2021-03-28,0.0004309556524957,0.0007729074801398,11.08
2021-04-04,0.0011732768397847,0.0008283656593224,11.36
2021-04-11,0.0017658998841823,0.0011502300112237,13.98
2021-04-18,0.0061166269781408,0.0029674567610383,16.82
2021-04-25,0.0001597476716299,0.0029584391769412,13.8
2021-05-02,6.663060915501724e-05,0.0029391559014415,14.26
2021-05-09,0.000156257528523,0.0028078961193207,18.0
2021-05-16,0.0001311309444199,0.0027027320817584,25.52
2021-05-23,0.0004908117526584,0.000270991039958,18.82
2021-05-30,0.0004337207192791,0.0003532227498032,12.82
2021-06-06,0.0005047711495771,0.0004180508178275,13.06
2021-06-13,0.0006854367578953,0.0005254275685137,10.72
2021-06-20,0.000676446409152,0.0005610967393106,13.06
2021-06-27,0.0008323792191592,0.000638441062897,9.76
2021-07-04,0.0003213692237708,0.0006329887014384,8.54
2021-07-11,0.0006947931474033,0.0006757319573095,8.04
2021-07-18,0.000266474944958,0.0005498484693303,8.7
2021-07-25,0.0003486760667537,0.0004976737495943,9.84
2021-08-01,9.103039469521765e-05,0.0003914371876791,8.96
2021-08-08,0.0001991553572325,0.0002396245435713,9.9
2021-08-15,0.0002044071493526,0.0002165544320933,9.14
2021-08-22,0.0005425406659503,0.0003081790343667,9.24
2021-08-29,0.0003485406897897,0.000322029692036,9.4
2021-09-05,0.0002803038564212,0.0003431675122611,10.94
2021-09-12,0.0006666561370976,0.0004523773745121,8.28
2021-09-19,0.0005605333819267,0.000456925271719,9.38
2021-09-26,0.0003442566576016,0.0004708381651278,8.04
2021-10-03,0.000120349660673,0.0004381286565904,9.34
2021-10-10,0.0004888773282267,0.0004696957052445,10.2
2021-10-17,0.0005794928974457,0.0004326219756121,12.2
2021-10-24,0.0004807196768346,0.0004243102237311,10.5
2021-10-31,0.0006169809810643,0.0005021655473666,9.72
2021-11-07,0.0003276415185791,0.0005078897156266,11.14
2021-11-14,0.0006298684164988,0.0005209680691288,11.32
2021-11-21,0.0007646401470331,0.0006002346405958,10.52
2021-11-28,0.0007958458781415,0.0006176355556411,10.96
2021-12-05,0.0004368705148413,0.000620355880401,11.38
2021-12-12,0.0011484113828415,0.0007720304317595,10.18
2021-12-19,0.0005525321034882,0.0007296773184394,9.2
2021-12-26,0.0009677495651475,0.0007931743627482,9.68
2022-01-02,0.000804165750271,0.0008350224468649,12.68
2022-01-09,0.0001573342085968,0.0006758472770349,12.2
2022-01-16,0.0002030762963275,0.0005987396932117,12.58
2022-01-23,0.0001737199342926,0.0004682830801212,15.96
2022-01-30,0.0001352630413466,0.0001658682661589,12.28
2022-02-06,9.072831460947874e-05,0.0001503035040525,11.44
2022-02-13,0.0001032114905394,0.0001450143846049,10.06
2022-02-20,0.0001209105949032,0.0001241822654805,12.72
2022-02-27,0.0001586267303496,0.0001139760290442,11.22
2022-03-06,0.0002093597624121,0.0001423199916898,9.7
2022-03-13,0.0002138546975048,0.0001674273681486,8.68
2022-03-20,6.891611322246778e-05,0.0001621148122352,8.88
2022-03-27,0.0001208105323778,0.0001536555974034,9.42
2022-04-03,8.125916907865321e-05,0.0001240870932211,8.84
2022-04-10,7.10058299079131e-05,8.771417754067393e-05,8.46
2022-04-17,0.0001112341458519,9.1035464540343e-05,7.96
2022-04-24,0.0001048651060086,8.58985872587968e-05,7.82
2022-05-01,0.0001252958908799,9.751630428877764e-05,8.44
2022-05-08,7.55692275253331e-05,0.000100562734765,15.84
2022-05-15,0.0017848625344855,0.0008172878970341,11.42
2022-05-22,0.0002000269289389,0.0008211610721015,10.3
2022-05-29,0.0001105757680455,0.0008211919845603,9.06
2022-06-05,0.0001287585125138,0.0008223189791696,8.24
2022-06-12,0.0001118995639826,0.0001714322425382,17.66
2022-06-19,0.0003173629051274,0.0001799481440136,13.7
2022-06-26,0.0001299125815918,0.0001817324045056,10.1
2022-07-03,0.0001725840344657,0.000188397933802,9.38
2022-07-10,0.0001424149583151,0.0001942750350127,8.36
2022-07-17,0.0001628729876388,0.0001707201521983,9.12
2022-07-24,0.0001224326015785,0.0001513620581402,7.84
2022-07-31,9.998893090028176e-05,0.0001230601867371,7.44
2022-08-07,7.654225297325987e-05,0.0001154896888293,7.08
2022-08-14,8.432777505773001e-05,9.38945570692599e-05,6.82
2022-08-21,5.867593178721066e-05,8.071875404747376e-05,6.54
2022-08-28,3.1390829574238665e-05,6.485522282734738e-05,6.72
2022-09-04,4.682725079797799e-05,5.966082744537596e-05,6.64
2022-09-11,5.400542068197311e-05,5.495960508765698e-05,8.5
2022-09-18,0.0001160716766301,6.977773734905778e-05,7.16
2022-09-25,6.417028243323656e-05,7.260932697034131e-05,6.1
2022-10-02,5.192724690049632e-05,7.321913806517246e-05,5.6
2022-10-09,9.54325756336586e-05,8.072240295459591e-05,5.7
2022-10-16,9.01565176621868e-05,7.574797990255446e-05,5.22
2022-10-23,6.593585582189683e-05,7.264441450694426e-05,5.28
2022-10-30,8.636351249410457e-05,7.842874497809058e-05,5.42
2022-11-06,0.0001048590550197,8.238219913524219e-05,10.02
2022-11-13,0.0006723633208523,0.0003242713697809,8.24
2022-11-20,0.0001771075141895,0.0003339371816607,6.62
2022-11-27,8.095096409275511e-05,0.0003385060510519,5.76
2022-12-04,9.15626853462579e-05,0.0003397772921069,5.12
2022-12-11,7.291842832575618e-05,0.0001277872367327,5.68
2022-12-18,6.17363056076267e-05,8.792984317381063e-05,4.86
2022-12-25,3.8945139767736766e-05,7.339604694213311e-05,5.0
2023-01-01,9.16121471366574e-05,6.685207985349013e-05,5.16
2023-01-08,7.199962825162077e-05,6.961459167112257e-05,5.9
2023-01-15,0.0001034562381964,8.377909294616505e-05,6.64
2023-01-22,0.0001285209529591,0.0001003158345857,6.22
2023-01-29,7.481886402125897e-05,9.51179777201076e-05,5.98
2023-02-05,4.4661522999157225e-05,9.5078779957438e-05,5.48
2023-02-12,5.1421848435848536e-05,8.663233959185974e-05,5.86
2023-02-19,0.0003757828907767,0.0001775740979932,5.7
2023-02-26,4.620213876131854e-05,0.0001763153407423,5.52
2023-03-05,4.351076785003363e-05,0.0001762881040068,5.86
2023-03-12,0.0020012517000721,0.0010229147645834,7.26
2023-03-19,0.0014602599958678,0.0012604770492843,7.32
2023-03-26,0.0005943742052186,0.0013005793966255,6.36
2023-04-02,0.0002963991308028,0.0013084365288488,6.16
2023-04-09,0.0001977345117058,0.0011787125292393,6.94
2023-04-16,0.0003264183930262,0.0003967909723111,6.26
2023-04-23,0.0001573291072544,0.0002474660345827,5.92
2023-04-30,0.0003346282912312,0.0002488886323495,5.72
2023-05-07,0.0004040424681885,0.000304740779867,6.0
2023-05-14,0.0002288820114557,0.0002972291171101,5.56
2023-05-21,0.0001673937018095,0.0002951480676929,5.58
2023-05-28,0.0001991050551775,0.0002669171069133,5.62
2023-06-04,0.0001282223250018,0.0002428440826831,6.22
2023-06-11,0.0002874601679154,0.0001875563626906,5.88
2023-06-18,0.0003339465405295,0.0002352553387935,6.36
2023-06-25,0.0002866852459212,0.0002621880528226,6.32
2023-07-02,0.0001721520738551,0.0002630031400591,5.96
2023-07-09,0.000210548224988,0.0002613259088172,6.4
2023-07-16,0.000295169523946,0.0002395187300881,5.96
2023-07-23,0.0002063634254486,0.000214165467391,5.74
2023-07-30,0.0003357194470072,0.0002505693034608,5.62
2023-08-06,0.0004287164965415,0.0003188511229979,5.8
2023-08-13,0.0004880439283385,0.0003753504160786,6.08
2023-08-20,0.0006656978344736,0.0004736841200922,5.98
2023-08-27,0.0003022774368697,0.0004661882728426,5.54
2023-09-03,0.0003703115650081,0.0004606113020812,5.42
2023-09-10,0.0001601248796939,0.0003985117236038,5.42
2023-09-17,0.0001331996616222,0.0002483912519799,5.32
2023-09-24,0.0001003943945284,0.0002075785518661,5.02
2023-10-01,0.0003469010825967,0.0002150094063658,5.3
2023-10-08,0.0003125944664591,0.0002348711101261,5.24
2023-10-15,0.0002625191243625,0.0002520940539449,5.84
2023-10-22,0.0001747834027967,0.0002605475661852,7.62
2023-10-29,0.0002582376016535,0.0002463048034325,6.66
2023-11-05,0.0003002667862578,0.0002333150888807,7.3
2023-11-12,0.000266925307228,0.0002430299170136,7.04
2023-11-19,0.0004394628526861,0.0003023396645592,6.56
2023-11-26,0.0001950860327437,0.0002912574815163,6.08
2023-12-03,0.0002138030388526,0.0002739998578449,9.22
2023-12-10,0.0004668810995328,0.00032832887114,7.68
2023-12-17,0.0005606684857024,0.0003584024165708,8.08
2023-12-24,0.0003203261882236,0.0003860137563319,8.34
2023-12-31,0.0004904268610114,0.0004404983435129,8.88
2024-01-07,0.0003122158330312,0.000429352887072,12.52
2024-01-14,0.0002476238448818,0.0004168012036881,8.32
2024-01-21,0.0003087249656336,0.0003438896536067,7.66
2024-01-28,0.0003589884734106,0.000324460864219,6.84
2024-02-04,0.0001209975685184,0.0002673395286608,7.18
2024-02-11,0.0006460635543165,0.0003839478716397,9.58
2024-02-18,0.0002578751758813,0.0003648863388509,8.1
2024-02-25,0.0003649947157332,0.000365227584375,12.66
2024-03-03,0.0005462189938478,0.0004392660294535,14.66
2024-03-10,0.0008444542875034,0.0005048338656664,14.68
2024-03-17,0.000583706136045,0.000570398941134,12.58
2024-03-24,0.00051038475046,0.0005942538157149,10.58
2024-03-31,0.0003535873816332,0.0005609139057748,10.38
2024-04-07,0.0002190809198359,0.0004640866561535,10.06
2024-04-14,0.0003990826256615,0.00039669426533,11.94
2024-04-21,0.0003940556483428,0.0003388010371617,8.74
2024-04-28,0.0002417508747696,0.0003214177648179,8.76
2024-05-05,0.0007405651649526,0.0004545266199758,7.12
2024-05-12,0.0002162573410673,0.0004424463134209,7.12
2024-05-19,0.000494318954221,0.000439580355937,8.7
2024-05-26,0.0002714596252364,0.0004484314644315,7.56
2024-06-02,0.0005097322223307,0.0003705836534156,7.62
2024-06-09,0.000355195678279,0.000387217284678,7.16
2024-06-16,0.0002243626825861,0.0003350701432699,6.7
2024-06-23,0.0002641534920191,0.0003349951731861,6.88
2024-06-30,0.0004222108041149,0.0003135566476519,7.3
2024-07-07,0.0004679398576117,0.0003551952825955,6.96
2024-07-14,0.0001256500870012,0.0003398457685437,7.6
2024-07-21,0.0004381007840169,0.0003768726796677,7.92
2024-07-28,0.0002560358408961,0.0003339592052582,7.52
2024-08-04,0.0004928220941077,0.0003330794717493,10.22
2024-08-11,0.0003731040084903,0.0003658499264992,6.84
2024-08-18,0.000170849899494,0.0003226901215342,6.7
2024-08-25,0.0003848533809149,0.0003459299611694,6.36
2024-09-01,0.0001865642020667,0.0003229173617257,6.4
2024-09-08,0.0001795483770883,0.0002427486365431,5.94
2024-09-15,0.0004270042284489,0.0003007727248618,6.46
2024-09-22,0.0002283220153266,0.0002648890754711,6.46
2024-09-29,0.0001722741625623,0.0002487830273603,5.92
2024-10-06,0.0001946060026702,0.0002522955807731,5.74
2024-10-13,0.0003624036674206,0.0002509328156457,5.88
2024-10-20,0.0001958722781528,0.0002300230190753,6.12
2024-10-27,0.0006248667728718,0.000356218199031,7.26
2024-11-03,0.0005976476642907,0.0004468096616505,10.62
2024-11-10,0.0003758741372596,0.0004542620488395,17.3
2024-11-17,0.0005695060226625,0.000517881534126,14.74
2024-11-24,0.0004274617430098,0.0004723745347004,12.62
2024-12-01,0.0007644381319348,0.0005137648601392,14.52
2024-12-08,0.0006265278947214,0.000558844998662,11.92
2024-12-15,0.0002569748418417,0.0005141005316042,13.02
2024-12-22,0.0005003425218722,0.0005235219473458,10.7
2024-12-29,0.0003518805279996,0.0004285712186621,9.6
2025-01-05,0.000527123206583,0.0004332809574922,9.38
2025-01-12,0.0003497626189557,0.0004338651888458,10.08
2025-01-19,0.0005463655520421,0.0004572279819935,13.02
2025-01-26,0.0005057819200931,0.000470405664851,9.72
2025-02-02,0.0003076604789754,0.0004144218678983,10.3
2025-02-09,0.0006406986861493,0.0004759330899635,7.74
2025-02-16,0.0001545897605538,0.0004670175835424,7.64
2025-02-23,0.0005698076176393,0.0004236634899928,10.1
2025-03-02,0.000858842997063,0.0005576063094188,10.3
2025-03-09,0.0005103622519277,0.0005284790088918,8.8
2025-03-16,0.0001685831227313,0.0005304289907011,6.96
2025-03-23,0.000414727550502,0.0005160697612403,6.88
2025-03-30,0.0002583307828119,0.0003558636328769,7.36
2025-04-06,0.0001851989599197,0.0002564723805956,8.92
2025-04-13,0.0005438360210247,0.0003468149278716,6.64
2025-04-20,0.0001228418819481,0.0003008466074118,7.56
2025-04-27,0.0002105011120009,0.0002939264827731,6.46
2025-05-04,0.0001152700347501,0.0002860577628154,7.6
2025-05-11,0.0001126893349188,0.0001617959564027,7.8
2025-05-18,0.0001191884346321,0.0001400092557588,8.66
2025-05-25,0.0003832617986508,0.0002052147113999,7.68
2025-06-01,0.0002517990669971,0.000226872177018,6.78
2025-06-08,0.0001191648756603,0.0002235765829936,7.42
2025-06-15,0.0002481989305598,0.0002467180935235,6.92
2025-06-22,0.0002332910388474,0.00020893422128,7.24
2025-06-29,0.0007374182441676,0.0003774023635409,6.42
2025-07-06,0.0001182412665359,0.0003756545168454,7.86
2025-07-13,0.0003278217138548,0.000395667408641,9.7
2025-07-20,0.0002628037375422,0.0003920594042909,8.36
2025-07-27,0.0002522857030191,0.0002304001357553,8.04
2025-08-03,0.0003008824765307,0.0002625081281968,8.24
2025-08-10,0.00018394685991,0.0002450309575739,9.38
2025-08-17,0.0003182181144012,0.0002532658519536,7.04
2025-08-24,0.0002366525207413,0.0002519498033875,7.3
2025-08-31,0.0001702890612258,0.0002357783815096,6.48
2025-09-07,0.000321299461819,0.0002546791693501,6.34
2025-09-14,0.0002279126033882,0.0002317072743194,6.52
2025-09-21,0.0002442635288793,0.0002348641340755,6.64
2025-09-28,0.0004157876448002,0.0002854141359299,6.96
2025-10-05,0.0003048824252515,0.0002868272822581,9.4
2025-10-12,0.0006308465875313,0.0003988810621613,14.64
